<?xml version="1.0" encoding="UTF-8"?>
<manifest identifier="g0c3fa10ed96c926e0b868a5cb8b72b76" xmlns="http://www.imsglobal.org/xsd/imsccv1p1/imscp_v1p1" xmlns:lom="http://ltsc.ieee.org/xsd/imsccv1p1/LOM/resource" xmlns:imsmd="http://www.imsglobal.org/xsd/imsmd_v1p2" xmlns:xsi="http://www.w3.org/2001/XMLSchema-instance" xsi:schemaLocation="http://www.imsglobal.org/xsd/imsccv1p1/imscp_v1p1 http://www.imsglobal.org/xsd/imscp_v1p1.xsd http://ltsc.ieee.org/xsd/imsccv1p1/LOM/resource http://www.imsglobal.org/profile/cc/ccv1p1/LOM/ccv1p1_lomresource_v1p0.xsd http://www.imsglobal.org/xsd/imsmd_v1p2 http://www.imsglobal.org/xsd/imsmd_v1p2p2.xsd">
  <metadata>
    <schema>IMS Content</schema>
    <schemaversion>1.1.3</schemaversion>
    <imsmd:lom>
      <imsmd:general>
        <imsmd:title>
          <imsmd:string>QTI Quiz Export for course "Sean Conner PhD (sdconner) Development Site 1"</imsmd:string>
        </imsmd:title>
      </imsmd:general>
      <imsmd:lifeCycle>
        <imsmd:contribute>
          <imsmd:date>
            <imsmd:dateTime>2022-03-07</imsmd:dateTime>
          </imsmd:date>
        </imsmd:contribute>
      </imsmd:lifeCycle>
      <imsmd:rights>
        <imsmd:copyrightAndOtherRestrictions>
          <imsmd:value>yes</imsmd:value>
        </imsmd:copyrightAndOtherRestrictions>
        <imsmd:description>
          <imsmd:string>Private (Copyrighted) - http://en.wikipedia.org/wiki/Copyright</imsmd:string>
        </imsmd:description>
      </imsmd:rights>
    </imsmd:lom>
  </metadata>
  <organizations/>
  <resources>
    <resource identifier="gde8d8f333798f95c2a4b15564a032700" type="imsqti_xmlv1p2">
      <file href="gde8d8f333798f95c2a4b15564a032700/gde8d8f333798f95c2a4b15564a032700.xml"/>
      <dependency identifierref="gb14f237f449156cbd392af2cf8de422e"/>
    </resource>
    <resource identifier="gb14f237f449156cbd392af2cf8de422e" type="associatedcontent/imscc_xmlv1p1/learning-application-resource" href="gde8d8f333798f95c2a4b15564a032700/assessment_meta.xml">
      <file href="gde8d8f333798f95c2a4b15564a032700/assessment_meta.xml"/>
    </resource>
    <resource identifier="g0e8c16709c3ef511aee64612640eb763" type="webcontent" href="figures/fig_36BBD6CB63DF437986DE1D33F234E85E.png">
      <file href="figures/fig_36BBD6CB63DF437986DE1D33F234E85E.png"/>
    </resource>
    <resource identifier="g437760cb507de686993f6c0d7465d92c" type="webcontent" href="figures/fig_fig_256ABFE0F3AC4227B7E181F8E1F85E74.png">
      <file href="figures/fig_fig_256ABFE0F3AC4227B7E181F8E1F85E74.png"/>
    </resource>
    <resource identifier="g6941baa785a09460d650c1188ad5b3e4" type="webcontent" href="figures/fig_fig_F6E3C9236CA24268A88809D0D595F4B2.png">
      <file href="figures/fig_fig_F6E3C9236CA24268A88809D0D595F4B2.png"/>
    </resource>
    <resource identifier="g2497cd94363cf74dc40ad507a4b3b145" type="webcontent" href="figures/fig_fig_28B3F7782BC648269E764F61E12FB587.png">
      <file href="figures/fig_fig_28B3F7782BC648269E764F61E12FB587.png"/>
    </resource>
    <resource identifier="g051c1ece1e0545a64059bdb495c37ccf" type="webcontent" href="figures/fig_fig_0E222C226D7541FCB5D412876E57282F.png">
      <file href="figures/fig_fig_0E222C226D7541FCB5D412876E57282F.png"/>
    </resource>
    <resource identifier="g11cae665d9e289f7284e0a9941d65e92" type="webcontent" href="figures/fig_fig_1597EA7204224322BB8577CA3AB40A5E.png">
      <file href="figures/fig_fig_1597EA7204224322BB8577CA3AB40A5E.png"/>
    </resource>
  </resources>
</manifest>
