<?xml version="1.0" encoding="UTF-8"?>
<questestinterop xmlns="http://www.imsglobal.org/xsd/ims_qtiasiv1p2" xmlns:xsi="http://www.w3.org/2001/XMLSchema-instance" xsi:schemaLocation="http://www.imsglobal.org/xsd/ims_qtiasiv1p2 http://www.imsglobal.org/xsd/ims_qtiasiv1p2p1.xsd">
  <assessment ident="gde8d8f333798f95c2a4b15564a032700" title="example questions">
    <qtimetadata>
      <qtimetadatafield>
        <fieldlabel>cc_maxattempts</fieldlabel>
        <fieldentry>1</fieldentry>
      </qtimetadatafield>
    </qtimetadata>
    <section ident="root_section">
      <item ident="g5b45093ab471358fc2c42ec308db2d51" title="Question">
        <itemmetadata>
          <qtimetadata>
            <qtimetadatafield>
              <fieldlabel>question_type</fieldlabel>
              <fieldentry>multiple_choice_question</fieldentry>
            </qtimetadatafield>
            <qtimetadatafield>
              <fieldlabel>points_possible</fieldlabel>
              <fieldentry>1.0</fieldentry>
            </qtimetadatafield>
            <qtimetadatafield>
              <fieldlabel>original_answer_ids</fieldlabel>
              <fieldentry>19295,85632,28228,58593</fieldentry>
            </qtimetadatafield>
            <qtimetadatafield>
              <fieldlabel>assessment_question_identifierref</fieldlabel>
              <fieldentry>gb3edd1b84c3be58a9ac68d0967e7adea</fieldentry>
            </qtimetadatafield>
          </qtimetadata>
        </itemmetadata>
        <presentation>
          <material>
            <mattext texttype="text/html">&lt;div&gt;&lt;span&gt;Based on the tRNA diagram below, predict the sequence of the complementary mRNA codon .&lt;br&gt;&lt;br&gt;&lt;/span&gt;

&lt;p&gt;&lt;img src="$IMS-CC-FILEBASE$/figures/fig_36BBD6CB63DF437986DE1D33F234E85E.png?canvas_download=1" width="150" height="190"&gt;&lt;/p&gt;&lt;/div&gt;</mattext>
          </material>
          <response_lid ident="response1" rcardinality="Single">
            <render_choice>
              <response_label ident="19295">
                <material>
                  <mattext texttype="text/plain">CCC</mattext>
                </material>
              </response_label>
              <response_label ident="85632">
                <material>
                  <mattext texttype="text/plain">UAG</mattext>
                </material>
              </response_label>
              <response_label ident="28228">
                <material>
                  <mattext texttype="text/plain">UGG</mattext>
                </material>
              </response_label>
              <response_label ident="58593">
                <material>
                  <mattext texttype="text/plain">UAA</mattext>
                </material>
              </response_label>
            </render_choice>
          </response_lid>
        </presentation>
        <resprocessing>
          <outcomes>
            <decvar maxvalue="100" minvalue="0" varname="SCORE" vartype="Decimal"/>
          </outcomes>
          <respcondition continue="Yes">
            <conditionvar>
              <other/>
            </conditionvar>
            <displayfeedback feedbacktype="Response" linkrefid="general_fb"/>
          </respcondition>
          <respcondition continue="No">
            <conditionvar>
              <varequal respident="response1">58593</varequal>
            </conditionvar>
            <setvar action="Set" varname="SCORE">100</setvar>
          </respcondition>
        </resprocessing>
        <itemfeedback ident="general_fb">
          <flow_mat>
            <material>
              <mattext texttype="text/plain">General feedback for multiple choice question</mattext>
            </material>
          </flow_mat>
        </itemfeedback>
      </item>
      <item ident="g13af0c2c171dbc0ec8197c05176f15aa" title="multiple answer example">
        <itemmetadata>
          <qtimetadata>
            <qtimetadatafield>
              <fieldlabel>question_type</fieldlabel>
              <fieldentry>multiple_answers_question</fieldentry>
            </qtimetadatafield>
            <qtimetadatafield>
              <fieldlabel>points_possible</fieldlabel>
              <fieldentry>1.0</fieldentry>
            </qtimetadatafield>
            <qtimetadatafield>
              <fieldlabel>original_answer_ids</fieldlabel>
              <fieldentry>46452,18601,12067,44014,91107,92487</fieldentry>
            </qtimetadatafield>
            <qtimetadatafield>
              <fieldlabel>assessment_question_identifierref</fieldlabel>
              <fieldentry>ga4340ed20405ab68b24925e56e94deb2</fieldentry>
            </qtimetadatafield>
          </qtimetadata>
        </itemmetadata>
        <presentation>
          <material>
            <mattext texttype="text/html">&lt;div&gt;&lt;span&gt;Select each of the following true statements&lt;br&gt;&lt;br&gt;&lt;/span&gt;&lt;/div&gt;</mattext>
          </material>
          <response_lid ident="response1" rcardinality="Multiple">
            <render_choice>
              <response_label ident="46452">
                <material>
                  <mattext texttype="text/plain">this is a true statement #1</mattext>
                </material>
              </response_label>
              <response_label ident="18601">
                <material>
                  <mattext texttype="text/plain">this is not a true statement #1</mattext>
                </material>
              </response_label>
              <response_label ident="12067">
                <material>
                  <mattext texttype="text/plain">this is a true statement #2</mattext>
                </material>
              </response_label>
              <response_label ident="44014">
                <material>
                  <mattext texttype="text/plain">this is a true statement #3</mattext>
                </material>
              </response_label>
              <response_label ident="91107">
                <material>
                  <mattext texttype="text/plain">this is a true statement #4</mattext>
                </material>
              </response_label>
              <response_label ident="92487">
                <material>
                  <mattext texttype="text/plain">this is not a true statement #2</mattext>
                </material>
              </response_label>
            </render_choice>
          </response_lid>
        </presentation>
        <resprocessing>
          <outcomes>
            <decvar maxvalue="100" minvalue="0" varname="SCORE" vartype="Decimal"/>
          </outcomes>
          <respcondition continue="Yes">
            <conditionvar>
              <other/>
            </conditionvar>
            <displayfeedback feedbacktype="Response" linkrefid="general_fb"/>
          </respcondition>
          <respcondition continue="No">
            <conditionvar>
              <and>
                <varequal respident="response1">46452</varequal>
                <not>
                  <varequal respident="response1">18601</varequal>
                </not>
                <varequal respident="response1">12067</varequal>
                <varequal respident="response1">44014</varequal>
                <varequal respident="response1">91107</varequal>
                <not>
                  <varequal respident="response1">92487</varequal>
                </not>
              </and>
            </conditionvar>
            <setvar action="Set" varname="SCORE">100</setvar>
          </respcondition>
        </resprocessing>
        <itemfeedback ident="general_fb">
          <flow_mat>
            <material>
              <mattext texttype="text/plain">General feedback for multiple answer question</mattext>
            </material>
          </flow_mat>
        </itemfeedback>
      </item>
      <item ident="gbd52574e84afb8098ba1df3931f01b4c" title="true or false example">
        <itemmetadata>
          <qtimetadata>
            <qtimetadatafield>
              <fieldlabel>question_type</fieldlabel>
              <fieldentry>true_false_question</fieldentry>
            </qtimetadatafield>
            <qtimetadatafield>
              <fieldlabel>points_possible</fieldlabel>
              <fieldentry>1.0</fieldentry>
            </qtimetadatafield>
            <qtimetadatafield>
              <fieldlabel>original_answer_ids</fieldlabel>
              <fieldentry>84207,9800</fieldentry>
            </qtimetadatafield>
            <qtimetadatafield>
              <fieldlabel>assessment_question_identifierref</fieldlabel>
              <fieldentry>gad54fcb2951c64c1b3c285948ac9674b</fieldentry>
            </qtimetadatafield>
          </qtimetadata>
        </itemmetadata>
        <presentation>
          <material>
            <mattext texttype="text/html">&lt;div&gt;&lt;span&gt;Assignment deadlines are automatically extended when students encounter technological issues like internet access problems or a crashed computer&lt;br&gt;&lt;br&gt;&lt;/span&gt;&lt;/div&gt;</mattext>
          </material>
          <response_lid ident="response1" rcardinality="Single">
            <render_choice>
              <response_label ident="84207">
                <material>
                  <mattext texttype="text/plain">True</mattext>
                </material>
              </response_label>
              <response_label ident="9800">
                <material>
                  <mattext texttype="text/plain">False</mattext>
                </material>
              </response_label>
            </render_choice>
          </response_lid>
        </presentation>
        <resprocessing>
          <outcomes>
            <decvar maxvalue="100" minvalue="0" varname="SCORE" vartype="Decimal"/>
          </outcomes>
          <respcondition continue="Yes">
            <conditionvar>
              <other/>
            </conditionvar>
            <displayfeedback feedbacktype="Response" linkrefid="general_fb"/>
          </respcondition>
          <respcondition continue="No">
            <conditionvar>
              <varequal respident="response1">9800</varequal>
            </conditionvar>
            <setvar action="Set" varname="SCORE">100</setvar>
          </respcondition>
        </resprocessing>
        <itemfeedback ident="general_fb">
          <flow_mat>
            <material>
              <mattext texttype="text/plain">General feedback for true or false question</mattext>
            </material>
          </flow_mat>
        </itemfeedback>
      </item>
      <item ident="g58793fe44a43702d4ba9f0c77487bd2c" title="matching example">
        <itemmetadata>
          <qtimetadata>
            <qtimetadatafield>
              <fieldlabel>question_type</fieldlabel>
              <fieldentry>matching_question</fieldentry>
            </qtimetadatafield>
            <qtimetadatafield>
              <fieldlabel>points_possible</fieldlabel>
              <fieldentry>7.0</fieldentry>
            </qtimetadatafield>
            <qtimetadatafield>
              <fieldlabel>original_answer_ids</fieldlabel>
              <fieldentry>14410,7237,23001,48858,37076,22281,83464</fieldentry>
            </qtimetadatafield>
            <qtimetadatafield>
              <fieldlabel>assessment_question_identifierref</fieldlabel>
              <fieldentry>g12a8fa8289bf1fa24da2ee5460da6c09</fieldentry>
            </qtimetadatafield>
          </qtimetadata>
        </itemmetadata>
        <presentation>
          <material>
            <mattext texttype="text/html">&lt;div&gt;&lt;span&gt;For the signal transduction pathway diagrammed below, match each term or description with the most appropriate factor&lt;br&gt;&lt;br&gt;&lt;/span&gt;

&lt;p&gt;&lt;img src="$IMS-CC-FILEBASE$/figures/fig_fig_256ABFE0F3AC4227B7E181F8E1F85E74.png?canvas_download=1" width="400" height="244"&gt;&lt;/p&gt;&lt;/div&gt;</mattext>
          </material>
          <response_lid ident="response_14410">
            <material>
              <mattext texttype="text/plain">the only constitutively active enzyme</mattext>
            </material>
            <render_choice>
              <response_label ident="14814">
                <material>
                  <mattext>B</mattext>
                </material>
              </response_label>
              <response_label ident="51164">
                <material>
                  <mattext>F</mattext>
                </material>
              </response_label>
              <response_label ident="83512">
                <material>
                  <mattext>D</mattext>
                </material>
              </response_label>
              <response_label ident="28877">
                <material>
                  <mattext>G</mattext>
                </material>
              </response_label>
              <response_label ident="44212">
                <material>
                  <mattext>E</mattext>
                </material>
              </response_label>
              <response_label ident="67753">
                <material>
                  <mattext>A</mattext>
                </material>
              </response_label>
              <response_label ident="22718">
                <material>
                  <mattext>C</mattext>
                </material>
              </response_label>
              <response_label ident="32353">
                <material>
                  <mattext>H</mattext>
                </material>
              </response_label>
              <response_label ident="65436">
                <material>
                  <mattext>I</mattext>
                </material>
              </response_label>
            </render_choice>
          </response_lid>
          <response_lid ident="response_7237">
            <material>
              <mattext texttype="text/plain">trans-retinal</mattext>
            </material>
            <render_choice>
              <response_label ident="14814">
                <material>
                  <mattext>B</mattext>
                </material>
              </response_label>
              <response_label ident="51164">
                <material>
                  <mattext>F</mattext>
                </material>
              </response_label>
              <response_label ident="83512">
                <material>
                  <mattext>D</mattext>
                </material>
              </response_label>
              <response_label ident="28877">
                <material>
                  <mattext>G</mattext>
                </material>
              </response_label>
              <response_label ident="44212">
                <material>
                  <mattext>E</mattext>
                </material>
              </response_label>
              <response_label ident="67753">
                <material>
                  <mattext>A</mattext>
                </material>
              </response_label>
              <response_label ident="22718">
                <material>
                  <mattext>C</mattext>
                </material>
              </response_label>
              <response_label ident="32353">
                <material>
                  <mattext>H</mattext>
                </material>
              </response_label>
              <response_label ident="65436">
                <material>
                  <mattext>I</mattext>
                </material>
              </response_label>
            </render_choice>
          </response_lid>
          <response_lid ident="response_23001">
            <material>
              <mattext texttype="text/plain">phosphodiesterase</mattext>
            </material>
            <render_choice>
              <response_label ident="14814">
                <material>
                  <mattext>B</mattext>
                </material>
              </response_label>
              <response_label ident="51164">
                <material>
                  <mattext>F</mattext>
                </material>
              </response_label>
              <response_label ident="83512">
                <material>
                  <mattext>D</mattext>
                </material>
              </response_label>
              <response_label ident="28877">
                <material>
                  <mattext>G</mattext>
                </material>
              </response_label>
              <response_label ident="44212">
                <material>
                  <mattext>E</mattext>
                </material>
              </response_label>
              <response_label ident="67753">
                <material>
                  <mattext>A</mattext>
                </material>
              </response_label>
              <response_label ident="22718">
                <material>
                  <mattext>C</mattext>
                </material>
              </response_label>
              <response_label ident="32353">
                <material>
                  <mattext>H</mattext>
                </material>
              </response_label>
              <response_label ident="65436">
                <material>
                  <mattext>I</mattext>
                </material>
              </response_label>
            </render_choice>
          </response_lid>
          <response_lid ident="response_48858">
            <material>
              <mattext texttype="text/plain">active transducin</mattext>
            </material>
            <render_choice>
              <response_label ident="14814">
                <material>
                  <mattext>B</mattext>
                </material>
              </response_label>
              <response_label ident="51164">
                <material>
                  <mattext>F</mattext>
                </material>
              </response_label>
              <response_label ident="83512">
                <material>
                  <mattext>D</mattext>
                </material>
              </response_label>
              <response_label ident="28877">
                <material>
                  <mattext>G</mattext>
                </material>
              </response_label>
              <response_label ident="44212">
                <material>
                  <mattext>E</mattext>
                </material>
              </response_label>
              <response_label ident="67753">
                <material>
                  <mattext>A</mattext>
                </material>
              </response_label>
              <response_label ident="22718">
                <material>
                  <mattext>C</mattext>
                </material>
              </response_label>
              <response_label ident="32353">
                <material>
                  <mattext>H</mattext>
                </material>
              </response_label>
              <response_label ident="65436">
                <material>
                  <mattext>I</mattext>
                </material>
              </response_label>
            </render_choice>
          </response_lid>
          <response_lid ident="response_37076">
            <material>
              <mattext texttype="text/plain">rhodopsin</mattext>
            </material>
            <render_choice>
              <response_label ident="14814">
                <material>
                  <mattext>B</mattext>
                </material>
              </response_label>
              <response_label ident="51164">
                <material>
                  <mattext>F</mattext>
                </material>
              </response_label>
              <response_label ident="83512">
                <material>
                  <mattext>D</mattext>
                </material>
              </response_label>
              <response_label ident="28877">
                <material>
                  <mattext>G</mattext>
                </material>
              </response_label>
              <response_label ident="44212">
                <material>
                  <mattext>E</mattext>
                </material>
              </response_label>
              <response_label ident="67753">
                <material>
                  <mattext>A</mattext>
                </material>
              </response_label>
              <response_label ident="22718">
                <material>
                  <mattext>C</mattext>
                </material>
              </response_label>
              <response_label ident="32353">
                <material>
                  <mattext>H</mattext>
                </material>
              </response_label>
              <response_label ident="65436">
                <material>
                  <mattext>I</mattext>
                </material>
              </response_label>
            </render_choice>
          </response_lid>
          <response_lid ident="response_22281">
            <material>
              <mattext texttype="text/plain">cis-retinal</mattext>
            </material>
            <render_choice>
              <response_label ident="14814">
                <material>
                  <mattext>B</mattext>
                </material>
              </response_label>
              <response_label ident="51164">
                <material>
                  <mattext>F</mattext>
                </material>
              </response_label>
              <response_label ident="83512">
                <material>
                  <mattext>D</mattext>
                </material>
              </response_label>
              <response_label ident="28877">
                <material>
                  <mattext>G</mattext>
                </material>
              </response_label>
              <response_label ident="44212">
                <material>
                  <mattext>E</mattext>
                </material>
              </response_label>
              <response_label ident="67753">
                <material>
                  <mattext>A</mattext>
                </material>
              </response_label>
              <response_label ident="22718">
                <material>
                  <mattext>C</mattext>
                </material>
              </response_label>
              <response_label ident="32353">
                <material>
                  <mattext>H</mattext>
                </material>
              </response_label>
              <response_label ident="65436">
                <material>
                  <mattext>I</mattext>
                </material>
              </response_label>
            </render_choice>
          </response_lid>
          <response_lid ident="response_83464">
            <material>
              <mattext texttype="text/plain">inactive transducin</mattext>
            </material>
            <render_choice>
              <response_label ident="14814">
                <material>
                  <mattext>B</mattext>
                </material>
              </response_label>
              <response_label ident="51164">
                <material>
                  <mattext>F</mattext>
                </material>
              </response_label>
              <response_label ident="83512">
                <material>
                  <mattext>D</mattext>
                </material>
              </response_label>
              <response_label ident="28877">
                <material>
                  <mattext>G</mattext>
                </material>
              </response_label>
              <response_label ident="44212">
                <material>
                  <mattext>E</mattext>
                </material>
              </response_label>
              <response_label ident="67753">
                <material>
                  <mattext>A</mattext>
                </material>
              </response_label>
              <response_label ident="22718">
                <material>
                  <mattext>C</mattext>
                </material>
              </response_label>
              <response_label ident="32353">
                <material>
                  <mattext>H</mattext>
                </material>
              </response_label>
              <response_label ident="65436">
                <material>
                  <mattext>I</mattext>
                </material>
              </response_label>
            </render_choice>
          </response_lid>
        </presentation>
        <resprocessing>
          <outcomes>
            <decvar maxvalue="100" minvalue="0" varname="SCORE" vartype="Decimal"/>
          </outcomes>
          <respcondition continue="Yes">
            <conditionvar>
              <other/>
            </conditionvar>
            <displayfeedback feedbacktype="Response" linkrefid="general_fb"/>
          </respcondition>
          <respcondition>
            <conditionvar>
              <varequal respident="response_14410">14814</varequal>
            </conditionvar>
            <setvar varname="SCORE" action="Add">14.29</setvar>
          </respcondition>
          <respcondition>
            <conditionvar>
              <varequal respident="response_7237">51164</varequal>
            </conditionvar>
            <setvar varname="SCORE" action="Add">14.29</setvar>
          </respcondition>
          <respcondition>
            <conditionvar>
              <varequal respident="response_23001">83512</varequal>
            </conditionvar>
            <setvar varname="SCORE" action="Add">14.29</setvar>
          </respcondition>
          <respcondition>
            <conditionvar>
              <varequal respident="response_48858">28877</varequal>
            </conditionvar>
            <setvar varname="SCORE" action="Add">14.29</setvar>
          </respcondition>
          <respcondition>
            <conditionvar>
              <varequal respident="response_37076">44212</varequal>
            </conditionvar>
            <setvar varname="SCORE" action="Add">14.29</setvar>
          </respcondition>
          <respcondition>
            <conditionvar>
              <varequal respident="response_22281">67753</varequal>
            </conditionvar>
            <setvar varname="SCORE" action="Add">14.29</setvar>
          </respcondition>
          <respcondition>
            <conditionvar>
              <varequal respident="response_83464">22718</varequal>
            </conditionvar>
            <setvar varname="SCORE" action="Add">14.29</setvar>
          </respcondition>
        </resprocessing>
        <itemfeedback ident="general_fb">
          <flow_mat>
            <material>
              <mattext texttype="text/plain">General feedback for matching question</mattext>
            </material>
          </flow_mat>
        </itemfeedback>
      </item>
      <item ident="g91cc488581c70caf533391da46bb4195" title="drop down example">
        <itemmetadata>
          <qtimetadata>
            <qtimetadatafield>
              <fieldlabel>question_type</fieldlabel>
              <fieldentry>multiple_dropdowns_question</fieldentry>
            </qtimetadatafield>
            <qtimetadatafield>
              <fieldlabel>points_possible</fieldlabel>
              <fieldentry>2.0</fieldentry>
            </qtimetadatafield>
            <qtimetadatafield>
              <fieldlabel>original_answer_ids</fieldlabel>
              <fieldentry>88457,59559,45080,54750,61810,68157,77854</fieldentry>
            </qtimetadatafield>
            <qtimetadatafield>
              <fieldlabel>assessment_question_identifierref</fieldlabel>
              <fieldentry>gad2df0acb970297b08c36f4329efb050</fieldentry>
            </qtimetadatafield>
          </qtimetadata>
        </itemmetadata>
        <presentation>
          <material>
            <mattext texttype="text/html">&lt;div&gt;&lt;span&gt;The figure represents the resolved structures of two proteins: OmpA and green fluorescence protein (GFP). OmpA is an integral membrane protein embedded in the plasma membrane (PM) while GFP is cytosolic.What is the predominant secondary structure of both proteins? &lt;br&gt;&lt;br&gt;[A] Predict the biochemical property of OmpA amino acids facing the interior of the plasma membrane (see arrows). &lt;br&gt;&lt;br&gt;[B] Predict the biochemical property of GFP amino acids facing the exterior of the protein (see arrows).&lt;br&gt;&lt;br&gt;&lt;/span&gt;

&lt;p&gt;&lt;img src="$IMS-CC-FILEBASE$/figures/fig_fig_F6E3C9236CA24268A88809D0D595F4B2.png?canvas_download=1" width="375" height="191"&gt;&lt;/p&gt;&lt;/div&gt;</mattext>
          </material>
          <response_lid ident="response_A">
            <material>
              <mattext>A</mattext>
            </material>
            <render_choice>
              <response_label ident="88457">
                <material>
                  <mattext texttype="text/plain">beta sheet</mattext>
                </material>
              </response_label>
              <response_label ident="59559">
                <material>
                  <mattext texttype="text/plain">alpha helix</mattext>
                </material>
              </response_label>
              <response_label ident="45080">
                <material>
                  <mattext texttype="text/plain">disordered</mattext>
                </material>
              </response_label>
              <response_label ident="54750">
                <material>
                  <mattext texttype="text/plain">supercoiled</mattext>
                </material>
              </response_label>
            </render_choice>
          </response_lid>
          <response_lid ident="response_B">
            <material>
              <mattext>B</mattext>
            </material>
            <render_choice>
              <response_label ident="61810">
                <material>
                  <mattext texttype="text/plain">hydrophobic</mattext>
                </material>
              </response_label>
              <response_label ident="68157">
                <material>
                  <mattext texttype="text/plain">hydrophilic</mattext>
                </material>
              </response_label>
              <response_label ident="77854">
                <material>
                  <mattext texttype="text/plain">amphipathic</mattext>
                </material>
              </response_label>
            </render_choice>
          </response_lid>
        </presentation>
        <resprocessing>
          <outcomes>
            <decvar maxvalue="100" minvalue="0" varname="SCORE" vartype="Decimal"/>
          </outcomes>
          <respcondition continue="Yes">
            <conditionvar>
              <other/>
            </conditionvar>
            <displayfeedback feedbacktype="Response" linkrefid="general_fb"/>
          </respcondition>
          <respcondition>
            <conditionvar>
              <varequal respident="response_A">88457</varequal>
            </conditionvar>
            <setvar varname="SCORE" action="Add">50.00</setvar>
          </respcondition>
          <respcondition>
            <conditionvar>
              <varequal respident="response_B">61810</varequal>
            </conditionvar>
            <setvar varname="SCORE" action="Add">50.00</setvar>
          </respcondition>
        </resprocessing>
        <itemfeedback ident="general_fb">
          <flow_mat>
            <material>
              <mattext texttype="text/plain">General feedback for multiple drop down question</mattext>
            </material>
          </flow_mat>
        </itemfeedback>
      </item>
      <item ident="g18dc0d05518c3d81007dba91721e2fcf" title="fill in the blank example">
        <itemmetadata>
          <qtimetadata>
            <qtimetadatafield>
              <fieldlabel>question_type</fieldlabel>
              <fieldentry>fill_in_multiple_blanks_question</fieldentry>
            </qtimetadatafield>
            <qtimetadatafield>
              <fieldlabel>points_possible</fieldlabel>
              <fieldentry>4.0</fieldentry>
            </qtimetadatafield>
            <qtimetadatafield>
              <fieldlabel>original_answer_ids</fieldlabel>
              <fieldentry>49622,94451,52897,74993,76927,37632,60422</fieldentry>
            </qtimetadatafield>
            <qtimetadatafield>
              <fieldlabel>assessment_question_identifierref</fieldlabel>
              <fieldentry>gbe13a2190c8e15de3d5a26c694210726</fieldentry>
            </qtimetadatafield>
          </qtimetadata>
        </itemmetadata>
        <presentation>
          <material>
            <mattext texttype="text/html">&lt;div&gt;&lt;span&gt;The diagram below illustrates a channel embedded in the plasma membrane. Use a single word (or short phrase if needed) to describe the biochemical property of the amino acids:&lt;br&gt;&lt;br&gt;Exposed to the lipid bilayer: [A]&lt;br&gt;&lt;br&gt;Exposed to the channel opening: [B]&lt;br&gt;&lt;br&gt;&lt;/span&gt;

&lt;p&gt;&lt;img src="$IMS-CC-FILEBASE$/figures/fig_fig_28B3F7782BC648269E764F61E12FB587.png?canvas_download=1" width="175" height="196"&gt;&lt;/p&gt;&lt;/div&gt;</mattext>
          </material>
          <response_lid ident="response_A">
            <material>
              <mattext>A</mattext>
            </material>
            <render_choice>
              <response_label ident="49622">
                <material>
                  <mattext texttype="text/plain">hydrophobic</mattext>
                </material>
              </response_label>
              <response_label ident="94451">
                <material>
                  <mattext texttype="text/plain">hydro-phobic</mattext>
                </material>
              </response_label>
              <response_label ident="52897">
                <material>
                  <mattext texttype="text/plain">hydro phobic</mattext>
                </material>
              </response_label>
            </render_choice>
          </response_lid>
          <response_lid ident="response_B">
            <material>
              <mattext>B</mattext>
            </material>
            <render_choice>
              <response_label ident="74993">
                <material>
                  <mattext texttype="text/plain">hydrophilic</mattext>
                </material>
              </response_label>
              <response_label ident="76927">
                <material>
                  <mattext texttype="text/plain">hydro-philic</mattext>
                </material>
              </response_label>
              <response_label ident="37632">
                <material>
                  <mattext texttype="text/plain">hydro philic</mattext>
                </material>
              </response_label>
              <response_label ident="60422">
                <material>
                  <mattext texttype="text/plain">hydraphilic</mattext>
                </material>
              </response_label>
            </render_choice>
          </response_lid>
        </presentation>
        <resprocessing>
          <outcomes>
            <decvar maxvalue="100" minvalue="0" varname="SCORE" vartype="Decimal"/>
          </outcomes>
          <respcondition continue="Yes">
            <conditionvar>
              <other/>
            </conditionvar>
            <displayfeedback feedbacktype="Response" linkrefid="general_fb"/>
          </respcondition>
          <respcondition>
            <conditionvar>
              <varequal respident="response_A">49622</varequal>
            </conditionvar>
            <setvar varname="SCORE" action="Add">50.00</setvar>
          </respcondition>
          <respcondition>
            <conditionvar>
              <varequal respident="response_B">74993</varequal>
            </conditionvar>
            <setvar varname="SCORE" action="Add">50.00</setvar>
          </respcondition>
        </resprocessing>
        <itemfeedback ident="general_fb">
          <flow_mat>
            <material>
              <mattext texttype="text/plain">General feedback for fill-in-the-blank answer question</mattext>
            </material>
          </flow_mat>
        </itemfeedback>
      </item>
      <item ident="g5306dc253161aa28e58ce21c7d94a558" title="short answer example">
        <itemmetadata>
          <qtimetadata>
            <qtimetadatafield>
              <fieldlabel>question_type</fieldlabel>
              <fieldentry>short_answer_question</fieldentry>
            </qtimetadatafield>
            <qtimetadatafield>
              <fieldlabel>points_possible</fieldlabel>
              <fieldentry>1.0</fieldentry>
            </qtimetadatafield>
            <qtimetadatafield>
              <fieldlabel>original_answer_ids</fieldlabel>
              <fieldentry>44007,33970</fieldentry>
            </qtimetadatafield>
            <qtimetadatafield>
              <fieldlabel>assessment_question_identifierref</fieldlabel>
              <fieldentry>g218c31abca988c4ba6885f7cdbfb749e</fieldentry>
            </qtimetadatafield>
          </qtimetadata>
        </itemmetadata>
        <presentation>
          <material>
            <mattext texttype="text/html">&lt;div&gt;&lt;span&gt;Delta is a ligand for&lt;br&gt;&lt;br&gt;&lt;/span&gt;&lt;/div&gt;</mattext>
          </material>
          <response_str ident="response1" rcardinality="Single">
            <render_fib>
              <response_label ident="answer1" rshuffle="No"/>
            </render_fib>
          </response_str>
        </presentation>
        <resprocessing>
          <outcomes>
            <decvar maxvalue="100" minvalue="0" varname="SCORE" vartype="Decimal"/>
          </outcomes>
          <respcondition continue="Yes">
            <conditionvar>
              <other/>
            </conditionvar>
            <displayfeedback feedbacktype="Response" linkrefid="general_fb"/>
          </respcondition>
          <respcondition continue="No">
            <conditionvar>
              <varequal respident="response1">Notch</varequal>
              <varequal respident="response1">Notch receptor</varequal>
            </conditionvar>
            <setvar action="Set" varname="SCORE">100</setvar>
          </respcondition>
        </resprocessing>
        <itemfeedback ident="general_fb">
          <flow_mat>
            <material>
              <mattext texttype="text/plain">General feedback for short answer question</mattext>
            </material>
          </flow_mat>
        </itemfeedback>
      </item>
      <item ident="gde875bcab065ace1985984ea170504c6" title="numerical example">
        <itemmetadata>
          <qtimetadata>
            <qtimetadatafield>
              <fieldlabel>question_type</fieldlabel>
              <fieldentry>numerical_question</fieldentry>
            </qtimetadatafield>
            <qtimetadatafield>
              <fieldlabel>points_possible</fieldlabel>
              <fieldentry>1.0</fieldentry>
            </qtimetadatafield>
            <qtimetadatafield>
              <fieldlabel>original_answer_ids</fieldlabel>
              <fieldentry>45669</fieldentry>
            </qtimetadatafield>
            <qtimetadatafield>
              <fieldlabel>assessment_question_identifierref</fieldlabel>
              <fieldentry>ga1c154b81e83e5442b11bc1bf65de448</fieldentry>
            </qtimetadatafield>
          </qtimetadata>
        </itemmetadata>
        <presentation>
          <material>
            <mattext texttype="text/html">&lt;div&gt;&lt;span&gt;How many chromosomes does a diploid human cell contain&lt;br&gt;&lt;br&gt;&lt;/span&gt;&lt;/div&gt;</mattext>
          </material>
          <response_str ident="response1" rcardinality="Single">
            <render_fib fibtype="Decimal">
              <response_label ident="answer1"/>
            </render_fib>
          </response_str>
        </presentation>
        <resprocessing>
          <outcomes>
            <decvar maxvalue="100" minvalue="0" varname="SCORE" vartype="Decimal"/>
          </outcomes>
          <respcondition continue="Yes">
            <conditionvar>
              <other/>
            </conditionvar>
            <displayfeedback feedbacktype="Response" linkrefid="general_fb"/>
          </respcondition>
          <respcondition continue="No">
            <conditionvar>
              <vargte respident="response1">44.0</vargte>
              <varlte respident="response1">46.0</varlte>
            </conditionvar>
            <setvar action="Set" varname="SCORE">100</setvar>
          </respcondition>
        </resprocessing>
        <itemfeedback ident="general_fb">
          <flow_mat>
            <material>
              <mattext texttype="text/plain">General feedback for numerical question</mattext>
            </material>
          </flow_mat>
        </itemfeedback>
      </item>
      <item ident="g3abaf0f26975fe4bfff858d15d68fb31" title="text example">
        <itemmetadata>
          <qtimetadata>
            <qtimetadatafield>
              <fieldlabel>question_type</fieldlabel>
              <fieldentry>text_only_question</fieldentry>
            </qtimetadatafield>
            <qtimetadatafield>
              <fieldlabel>points_possible</fieldlabel>
              <fieldentry>0.0</fieldentry>
            </qtimetadatafield>
            <qtimetadatafield>
              <fieldlabel>original_answer_ids</fieldlabel>
              <fieldentry></fieldentry>
            </qtimetadatafield>
            <qtimetadatafield>
              <fieldlabel>assessment_question_identifierref</fieldlabel>
              <fieldentry>gec662831ace75f1f1c5810843e1fd384</fieldentry>
            </qtimetadatafield>
          </qtimetadata>
        </itemmetadata>
        <presentation>
          <material>
            <mattext texttype="text/html">&lt;div&gt;&lt;span&gt;This is a text-only questions that includes a random figure&lt;br&gt;&lt;br&gt;&lt;/span&gt;

&lt;p&gt;&lt;img src="$IMS-CC-FILEBASE$/figures/fig_fig_0E222C226D7541FCB5D412876E57282F.png?canvas_download=1" width="250" height="258"&gt;&lt;/p&gt;&lt;/div&gt;</mattext>
          </material>
        </presentation>
      </item>
      <item ident="gcc36d33bf4938a69a89e81a84a9f45c8" title="essay example">
        <itemmetadata>
          <qtimetadata>
            <qtimetadatafield>
              <fieldlabel>question_type</fieldlabel>
              <fieldentry>essay_question</fieldentry>
            </qtimetadatafield>
            <qtimetadatafield>
              <fieldlabel>points_possible</fieldlabel>
              <fieldentry>4.0</fieldentry>
            </qtimetadatafield>
            <qtimetadatafield>
              <fieldlabel>original_answer_ids</fieldlabel>
              <fieldentry></fieldentry>
            </qtimetadatafield>
            <qtimetadatafield>
              <fieldlabel>assessment_question_identifierref</fieldlabel>
              <fieldentry>g938000d085a711a31fef1b3f6f4eb0d7</fieldentry>
            </qtimetadatafield>
          </qtimetadata>
        </itemmetadata>
        <presentation>
          <material>
            <mattext texttype="text/html">&lt;div&gt;&lt;span&gt;The amino acid histidine is often found in enzymes. Depending on the pH of its environment, sometimes histidine is neutral and at other times it acquires a proton and becomes positively charged. Consider an enzyme with a histidine side chain that is known to have an important role in the function of the enzyme. It is not clear whether this histidine is required in its protonated or its unprotonated state. To answer this question, you measure enzyme activity over a range of pH, with the results shown in the figure. Which form of histidine is necessary for the active enzyme&lt;br&gt;&lt;br&gt;&lt;/span&gt;

&lt;p&gt;&lt;img src="$IMS-CC-FILEBASE$/figures/fig_fig_1597EA7204224322BB8577CA3AB40A5E.png?canvas_download=1" width="200" height="210"&gt;&lt;/p&gt;&lt;/div&gt;</mattext>
          </material>
          <response_str ident="response1" rcardinality="Single">
            <render_fib>
              <response_label ident="answer1" rshuffle="No"/>
            </render_fib>
          </response_str>
        </presentation>
        <resprocessing>
          <outcomes>
            <decvar maxvalue="100" minvalue="0" varname="SCORE" vartype="Decimal"/>
          </outcomes>
          <respcondition continue="Yes">
            <conditionvar>
              <other/>
            </conditionvar>
            <displayfeedback feedbacktype="Response" linkrefid="general_fb"/>
          </respcondition>
          <respcondition continue="No">
            <conditionvar>
              <other/>
            </conditionvar>
          </respcondition>
        </resprocessing>
        <itemfeedback ident="general_fb">
          <flow_mat>
            <material>
              <mattext texttype="text/plain">General feedback for essay question</mattext>
            </material>
          </flow_mat>
        </itemfeedback>
      </item>
    </section>
  </assessment>
</questestinterop>
