<?xml version="1.0" encoding="UTF-8"?>
<questestinterop xmlns="http://www.imsglobal.org/xsd/ims_qtiasiv1p2" xmlns:xsi="http://www.w3.org/2001/XMLSchema-instance" xsi:schemaLocation="http://www.imsglobal.org/xsd/ims_qtiasiv1p2 http://www.imsglobal.org/xsd/ims_qtiasiv1p2p1.xsd">
  <assessment ident="g8e437762255c9db04ce7015eba99868a" title="example questions">
    <qtimetadata>
      <qtimetadatafield>
        <fieldlabel>cc_maxattempts</fieldlabel>
        <fieldentry>1</fieldentry>
      </qtimetadatafield>
    </qtimetadata>
    <section ident="root_section">
      <item ident="g3ce5c238baa9a4fb2778239abdb8ba94" title="text example">
        <itemmetadata>
          <qtimetadata>
            <qtimetadatafield>
              <fieldlabel>question_type</fieldlabel>
              <fieldentry>text_only_question</fieldentry>
            </qtimetadatafield>
            <qtimetadatafield>
              <fieldlabel>points_possible</fieldlabel>
              <fieldentry>0.0</fieldentry>
            </qtimetadatafield>
            <qtimetadatafield>
              <fieldlabel>original_answer_ids</fieldlabel>
              <fieldentry></fieldentry>
            </qtimetadatafield>
            <qtimetadatafield>
              <fieldlabel>assessment_question_identifierref</fieldlabel>
              <fieldentry>g19e1e71bb5daf452864d0e98b3b41ff3</fieldentry>
            </qtimetadatafield>
          </qtimetadata>
        </itemmetadata>
        <presentation>
          <material>
            <mattext texttype="text/html">&lt;div&gt;&lt;span&gt;Keep the following image in mind while answering each of the questions below. &lt;br&gt;&lt;br&gt;&lt;/span&gt;

&lt;p&gt;&lt;img src="$IMS-CC-FILEBASE$/figures/fig_smile.png?canvas_download=1" width="" height="0"&gt;&lt;/p&gt;&lt;/div&gt;</mattext>
          </material>
        </presentation>
      </item>
      <item ident="g92b4e2c3338a17c56e572477358a9c7f" title="Question">
        <itemmetadata>
          <qtimetadata>
            <qtimetadatafield>
              <fieldlabel>question_type</fieldlabel>
              <fieldentry>multiple_choice_question</fieldentry>
            </qtimetadatafield>
            <qtimetadatafield>
              <fieldlabel>points_possible</fieldlabel>
              <fieldentry>1.0</fieldentry>
            </qtimetadatafield>
            <qtimetadatafield>
              <fieldlabel>original_answer_ids</fieldlabel>
              <fieldentry>67788,91590,80892,35835,67151</fieldentry>
            </qtimetadatafield>
            <qtimetadatafield>
              <fieldlabel>assessment_question_identifierref</fieldlabel>
              <fieldentry>g071d4dbcf0511db404f19f833c656dc8</fieldentry>
            </qtimetadatafield>
          </qtimetadata>
        </itemmetadata>
        <presentation>
          <material>
            <mattext texttype="text/html">&lt;div&gt;&lt;span&gt;Who wrote the first dictionary?&lt;br&gt;&lt;br&gt;&lt;/span&gt;

&lt;p&gt;&lt;img src="$IMS-CC-FILEBASE$/figures/fig_OED.jpg?canvas_download=1" width="200" height="277"&gt;&lt;/p&gt;&lt;/div&gt;</mattext>
          </material>
          <response_lid ident="response1" rcardinality="Single">
            <render_choice>
              <response_label ident="67788">
                <material>
                  <mattext texttype="text/plain">Merriam Webster</mattext>
                </material>
              </response_label>
              <response_label ident="91590">
                <material>
                  <mattext texttype="text/plain">Robert Cawdrey</mattext>
                </material>
              </response_label>
              <response_label ident="80892">
                <material>
                  <mattext texttype="text/plain">Melvil Dewey</mattext>
                </material>
              </response_label>
              <response_label ident="35835">
                <material>
                  <mattext texttype="text/plain">Paul Otlet</mattext>
                </material>
              </response_label>
              <response_label ident="67151">
                <material>
                  <mattext texttype="text/plain">Samuel Swett Green</mattext>
                </material>
              </response_label>
            </render_choice>
          </response_lid>
        </presentation>
        <resprocessing>
          <outcomes>
            <decvar maxvalue="100" minvalue="0" varname="SCORE" vartype="Decimal"/>
          </outcomes>
          <respcondition continue="Yes">
            <conditionvar>
              <other/>
            </conditionvar>
            <displayfeedback feedbacktype="Response" linkrefid="general_fb"/>
          </respcondition>
          <respcondition continue="No">
            <conditionvar>
              <varequal respident="response1">91590</varequal>
            </conditionvar>
            <setvar action="Set" varname="SCORE">100</setvar>
          </respcondition>
        </resprocessing>
        <itemfeedback ident="general_fb">
          <flow_mat>
            <material>
              <mattext texttype="text/plain">I would not have gotten this correct.</mattext>
            </material>
          </flow_mat>
        </itemfeedback>
      </item>
      <item ident="gee4a7817ad893570bcc85955df65f018" title="true or false example">
        <itemmetadata>
          <qtimetadata>
            <qtimetadatafield>
              <fieldlabel>question_type</fieldlabel>
              <fieldentry>true_false_question</fieldentry>
            </qtimetadatafield>
            <qtimetadatafield>
              <fieldlabel>points_possible</fieldlabel>
              <fieldentry>1.0</fieldentry>
            </qtimetadatafield>
            <qtimetadatafield>
              <fieldlabel>original_answer_ids</fieldlabel>
              <fieldentry>65982,57028</fieldentry>
            </qtimetadatafield>
            <qtimetadatafield>
              <fieldlabel>assessment_question_identifierref</fieldlabel>
              <fieldentry>gc2b35bf2611ef017408fc92dcce71edd</fieldentry>
            </qtimetadatafield>
          </qtimetadata>
        </itemmetadata>
        <presentation>
          <material>
            <mattext texttype="text/html">&lt;div&gt;&lt;span&gt;The first law of thermodynamics states that energy can neither be created nor destroyed.&lt;br&gt;&lt;br&gt;&lt;/span&gt;&lt;/div&gt;</mattext>
          </material>
          <response_lid ident="response1" rcardinality="Single">
            <render_choice>
              <response_label ident="65982">
                <material>
                  <mattext texttype="text/plain">True</mattext>
                </material>
              </response_label>
              <response_label ident="57028">
                <material>
                  <mattext texttype="text/plain">False</mattext>
                </material>
              </response_label>
            </render_choice>
          </response_lid>
        </presentation>
        <resprocessing>
          <outcomes>
            <decvar maxvalue="100" minvalue="0" varname="SCORE" vartype="Decimal"/>
          </outcomes>
          <respcondition continue="Yes">
            <conditionvar>
              <other/>
            </conditionvar>
            <displayfeedback feedbacktype="Response" linkrefid="general_fb"/>
          </respcondition>
          <respcondition continue="No">
            <conditionvar>
              <varequal respident="response1">65982</varequal>
            </conditionvar>
            <setvar action="Set" varname="SCORE">100</setvar>
          </respcondition>
        </resprocessing>
        <itemfeedback ident="general_fb">
          <flow_mat>
            <material>
              <mattext texttype="text/plain">I'm not a physicist, but I sure do like it because it helps me understand the physical world.</mattext>
            </material>
          </flow_mat>
        </itemfeedback>
      </item>
      <item ident="g52f554ae3ee6a2e29f4ff0330c4ac1e3" title="matching example">
        <itemmetadata>
          <qtimetadata>
            <qtimetadatafield>
              <fieldlabel>question_type</fieldlabel>
              <fieldentry>matching_question</fieldentry>
            </qtimetadatafield>
            <qtimetadatafield>
              <fieldlabel>points_possible</fieldlabel>
              <fieldentry>7.0</fieldentry>
            </qtimetadatafield>
            <qtimetadatafield>
              <fieldlabel>original_answer_ids</fieldlabel>
              <fieldentry>13915,45224,87780,13737,31121</fieldentry>
            </qtimetadatafield>
            <qtimetadatafield>
              <fieldlabel>assessment_question_identifierref</fieldlabel>
              <fieldentry>ge21358703cd082e27ab8f9555bbdb8e2</fieldentry>
            </qtimetadatafield>
          </qtimetadata>
        </itemmetadata>
        <presentation>
          <material>
            <mattext texttype="text/html">&lt;div&gt;&lt;span&gt;Match each object with the appropriate geometric shape.&lt;br&gt;&lt;br&gt;&lt;/span&gt;&lt;/div&gt;</mattext>
          </material>
          <response_lid ident="response_13915">
            <material>
              <mattext texttype="text/plain">soccer ball</mattext>
            </material>
            <render_choice>
              <response_label ident="97683">
                <material>
                  <mattext>sphere</mattext>
                </material>
              </response_label>
              <response_label ident="38159">
                <material>
                  <mattext>cube</mattext>
                </material>
              </response_label>
              <response_label ident="95263">
                <material>
                  <mattext>cylinder</mattext>
                </material>
              </response_label>
              <response_label ident="94693">
                <material>
                  <mattext>cone</mattext>
                </material>
              </response_label>
              <response_label ident="33889">
                <material>
                  <mattext>annulus</mattext>
                </material>
              </response_label>
              <response_label ident="66665">
                <material>
                  <mattext>frustum</mattext>
                </material>
              </response_label>
              <response_label ident="29171">
                <material>
                  <mattext>trapezium</mattext>
                </material>
              </response_label>
            </render_choice>
          </response_lid>
          <response_lid ident="response_45224">
            <material>
              <mattext texttype="text/plain">rubics cube</mattext>
            </material>
            <render_choice>
              <response_label ident="97683">
                <material>
                  <mattext>sphere</mattext>
                </material>
              </response_label>
              <response_label ident="38159">
                <material>
                  <mattext>cube</mattext>
                </material>
              </response_label>
              <response_label ident="95263">
                <material>
                  <mattext>cylinder</mattext>
                </material>
              </response_label>
              <response_label ident="94693">
                <material>
                  <mattext>cone</mattext>
                </material>
              </response_label>
              <response_label ident="33889">
                <material>
                  <mattext>annulus</mattext>
                </material>
              </response_label>
              <response_label ident="66665">
                <material>
                  <mattext>frustum</mattext>
                </material>
              </response_label>
              <response_label ident="29171">
                <material>
                  <mattext>trapezium</mattext>
                </material>
              </response_label>
            </render_choice>
          </response_lid>
          <response_lid ident="response_87780">
            <material>
              <mattext texttype="text/plain">water bottle</mattext>
            </material>
            <render_choice>
              <response_label ident="97683">
                <material>
                  <mattext>sphere</mattext>
                </material>
              </response_label>
              <response_label ident="38159">
                <material>
                  <mattext>cube</mattext>
                </material>
              </response_label>
              <response_label ident="95263">
                <material>
                  <mattext>cylinder</mattext>
                </material>
              </response_label>
              <response_label ident="94693">
                <material>
                  <mattext>cone</mattext>
                </material>
              </response_label>
              <response_label ident="33889">
                <material>
                  <mattext>annulus</mattext>
                </material>
              </response_label>
              <response_label ident="66665">
                <material>
                  <mattext>frustum</mattext>
                </material>
              </response_label>
              <response_label ident="29171">
                <material>
                  <mattext>trapezium</mattext>
                </material>
              </response_label>
            </render_choice>
          </response_lid>
          <response_lid ident="response_13737">
            <material>
              <mattext texttype="text/plain">dunce hat</mattext>
            </material>
            <render_choice>
              <response_label ident="97683">
                <material>
                  <mattext>sphere</mattext>
                </material>
              </response_label>
              <response_label ident="38159">
                <material>
                  <mattext>cube</mattext>
                </material>
              </response_label>
              <response_label ident="95263">
                <material>
                  <mattext>cylinder</mattext>
                </material>
              </response_label>
              <response_label ident="94693">
                <material>
                  <mattext>cone</mattext>
                </material>
              </response_label>
              <response_label ident="33889">
                <material>
                  <mattext>annulus</mattext>
                </material>
              </response_label>
              <response_label ident="66665">
                <material>
                  <mattext>frustum</mattext>
                </material>
              </response_label>
              <response_label ident="29171">
                <material>
                  <mattext>trapezium</mattext>
                </material>
              </response_label>
            </render_choice>
          </response_lid>
          <response_lid ident="response_31121">
            <material>
              <mattext texttype="text/plain">washer</mattext>
            </material>
            <render_choice>
              <response_label ident="97683">
                <material>
                  <mattext>sphere</mattext>
                </material>
              </response_label>
              <response_label ident="38159">
                <material>
                  <mattext>cube</mattext>
                </material>
              </response_label>
              <response_label ident="95263">
                <material>
                  <mattext>cylinder</mattext>
                </material>
              </response_label>
              <response_label ident="94693">
                <material>
                  <mattext>cone</mattext>
                </material>
              </response_label>
              <response_label ident="33889">
                <material>
                  <mattext>annulus</mattext>
                </material>
              </response_label>
              <response_label ident="66665">
                <material>
                  <mattext>frustum</mattext>
                </material>
              </response_label>
              <response_label ident="29171">
                <material>
                  <mattext>trapezium</mattext>
                </material>
              </response_label>
            </render_choice>
          </response_lid>
        </presentation>
        <resprocessing>
          <outcomes>
            <decvar maxvalue="100" minvalue="0" varname="SCORE" vartype="Decimal"/>
          </outcomes>
          <respcondition continue="Yes">
            <conditionvar>
              <other/>
            </conditionvar>
            <displayfeedback feedbacktype="Response" linkrefid="general_fb"/>
          </respcondition>
          <respcondition>
            <conditionvar>
              <varequal respident="response_13915">97683</varequal>
            </conditionvar>
            <setvar varname="SCORE" action="Add">20.00</setvar>
          </respcondition>
          <respcondition>
            <conditionvar>
              <varequal respident="response_45224">38159</varequal>
            </conditionvar>
            <setvar varname="SCORE" action="Add">20.00</setvar>
          </respcondition>
          <respcondition>
            <conditionvar>
              <varequal respident="response_87780">95263</varequal>
            </conditionvar>
            <setvar varname="SCORE" action="Add">20.00</setvar>
          </respcondition>
          <respcondition>
            <conditionvar>
              <varequal respident="response_13737">94693</varequal>
            </conditionvar>
            <setvar varname="SCORE" action="Add">20.00</setvar>
          </respcondition>
          <respcondition>
            <conditionvar>
              <varequal respident="response_31121">33889</varequal>
            </conditionvar>
            <setvar varname="SCORE" action="Add">20.00</setvar>
          </respcondition>
        </resprocessing>
        <itemfeedback ident="general_fb">
          <flow_mat>
            <material>
              <mattext texttype="text/plain">I also like geometry.</mattext>
            </material>
          </flow_mat>
        </itemfeedback>
      </item>
      <item ident="g15c51499df2e2326666ea350409fa38d" title="drop down example">
        <itemmetadata>
          <qtimetadata>
            <qtimetadatafield>
              <fieldlabel>question_type</fieldlabel>
              <fieldentry>multiple_dropdowns_question</fieldentry>
            </qtimetadatafield>
            <qtimetadatafield>
              <fieldlabel>points_possible</fieldlabel>
              <fieldentry>2.0</fieldentry>
            </qtimetadatafield>
            <qtimetadatafield>
              <fieldlabel>original_answer_ids</fieldlabel>
              <fieldentry>84237,31765,55437,89762,69865,8631,48625,2930,76955,56728,79981,81542</fieldentry>
            </qtimetadatafield>
            <qtimetadatafield>
              <fieldlabel>assessment_question_identifierref</fieldlabel>
              <fieldentry>g7c4111e3f6041cdec95f78457e9052f0</fieldentry>
            </qtimetadatafield>
          </qtimetadata>
        </itemmetadata>
        <presentation>
          <material>
            <mattext texttype="text/html">&lt;div&gt;&lt;span&gt;As any rainbow will demonstrate, [A] isnt on the visible spectrum of color. All other colors are reflections of light, except [B]. [C] is the absence of light. Unlike white and other hues, pure black can exist in nature without any light at all.&lt;br&gt;&lt;br&gt;&lt;/span&gt;&lt;/div&gt;</mattext>
          </material>
          <response_lid ident="response_A">
            <material>
              <mattext>A</mattext>
            </material>
            <render_choice>
              <response_label ident="84237">
                <material>
                  <mattext texttype="text/plain">black</mattext>
                </material>
              </response_label>
              <response_label ident="31765">
                <material>
                  <mattext texttype="text/plain">light purple Trebek</mattext>
                </material>
              </response_label>
              <response_label ident="55437">
                <material>
                  <mattext texttype="text/plain">yellow</mattext>
                </material>
              </response_label>
              <response_label ident="89762">
                <material>
                  <mattext texttype="text/plain">blue</mattext>
                </material>
              </response_label>
            </render_choice>
          </response_lid>
          <response_lid ident="response_B">
            <material>
              <mattext>B</mattext>
            </material>
            <render_choice>
              <response_label ident="69865">
                <material>
                  <mattext texttype="text/plain">black</mattext>
                </material>
              </response_label>
              <response_label ident="8631">
                <material>
                  <mattext texttype="text/plain">grey</mattext>
                </material>
              </response_label>
              <response_label ident="48625">
                <material>
                  <mattext texttype="text/plain">orange</mattext>
                </material>
              </response_label>
              <response_label ident="2930">
                <material>
                  <mattext texttype="text/plain">red</mattext>
                </material>
              </response_label>
            </render_choice>
          </response_lid>
          <response_lid ident="response_C">
            <material>
              <mattext>C</mattext>
            </material>
            <render_choice>
              <response_label ident="76955">
                <material>
                  <mattext texttype="text/plain">black</mattext>
                </material>
              </response_label>
              <response_label ident="56728">
                <material>
                  <mattext texttype="text/plain">pink</mattext>
                </material>
              </response_label>
              <response_label ident="79981">
                <material>
                  <mattext texttype="text/plain">white</mattext>
                </material>
              </response_label>
              <response_label ident="81542">
                <material>
                  <mattext texttype="text/plain">green</mattext>
                </material>
              </response_label>
            </render_choice>
          </response_lid>
        </presentation>
        <resprocessing>
          <outcomes>
            <decvar maxvalue="100" minvalue="0" varname="SCORE" vartype="Decimal"/>
          </outcomes>
          <respcondition continue="Yes">
            <conditionvar>
              <other/>
            </conditionvar>
            <displayfeedback feedbacktype="Response" linkrefid="general_fb"/>
          </respcondition>
        </resprocessing>
        <itemfeedback ident="general_fb">
          <flow_mat>
            <material>
              <mattext texttype="text/plain">Colors that end in 'urple' ... light urple Trebek.</mattext>
            </material>
          </flow_mat>
        </itemfeedback>
      </item>
      <item ident="gbbe8552be5db26d14e22791e54eaff4f" title="essay example">
        <itemmetadata>
          <qtimetadata>
            <qtimetadatafield>
              <fieldlabel>question_type</fieldlabel>
              <fieldentry>essay_question</fieldentry>
            </qtimetadatafield>
            <qtimetadatafield>
              <fieldlabel>points_possible</fieldlabel>
              <fieldentry>4.0</fieldentry>
            </qtimetadatafield>
            <qtimetadatafield>
              <fieldlabel>original_answer_ids</fieldlabel>
              <fieldentry></fieldentry>
            </qtimetadatafield>
            <qtimetadatafield>
              <fieldlabel>assessment_question_identifierref</fieldlabel>
              <fieldentry>g54025e3ded4643d949178cddf5a2b215</fieldentry>
            </qtimetadatafield>
          </qtimetadata>
        </itemmetadata>
        <presentation>
          <material>
            <mattext texttype="text/html">&lt;div&gt;&lt;span&gt;The number 42 is the Answer to the Ultimate Question of Life, the Universe, and Everything calculated by an enormous supercomputer named Deep Thought over a period of 7.5 million years.&lt;br&gt;&lt;br&gt;What is the question?&lt;br&gt;&lt;br&gt;&lt;/span&gt;&lt;/div&gt;</mattext>
          </material>
          <response_str ident="response1" rcardinality="Single">
            <render_fib>
              <response_label ident="answer1" rshuffle="No"/>
            </render_fib>
          </response_str>
        </presentation>
        <resprocessing>
          <outcomes>
            <decvar maxvalue="100" minvalue="0" varname="SCORE" vartype="Decimal"/>
          </outcomes>
          <respcondition continue="Yes">
            <conditionvar>
              <other/>
            </conditionvar>
            <displayfeedback feedbacktype="Response" linkrefid="general_fb"/>
          </respcondition>
          <respcondition continue="No">
            <conditionvar>
              <other/>
            </conditionvar>
          </respcondition>
        </resprocessing>
        <itemfeedback ident="general_fb">
          <flow_mat>
            <material>
              <mattext texttype="text/plain">Adams fans should also read "The Last Chance to See".</mattext>
            </material>
          </flow_mat>
        </itemfeedback>
      </item>
      <item ident="g7366315eff2d99be5cccd49c945d1e04" title="short answer example">
        <itemmetadata>
          <qtimetadata>
            <qtimetadatafield>
              <fieldlabel>question_type</fieldlabel>
              <fieldentry>short_answer_question</fieldentry>
            </qtimetadatafield>
            <qtimetadatafield>
              <fieldlabel>points_possible</fieldlabel>
              <fieldentry>1.0</fieldentry>
            </qtimetadatafield>
            <qtimetadatafield>
              <fieldlabel>original_answer_ids</fieldlabel>
              <fieldentry>35180,24177,42135</fieldentry>
            </qtimetadatafield>
            <qtimetadatafield>
              <fieldlabel>assessment_question_identifierref</fieldlabel>
              <fieldentry>g3be0719fdb79df45872e3edf4e802844</fieldentry>
            </qtimetadatafield>
          </qtimetadata>
        </itemmetadata>
        <presentation>
          <material>
            <mattext texttype="text/html">&lt;div&gt;&lt;span&gt;Roughly 70% of the human body consist of this liquid.&lt;br&gt;&lt;br&gt;&lt;/span&gt;

&lt;p&gt;&lt;img src="$IMS-CC-FILEBASE$/figures/fig_water_banned.png?canvas_download=1" width="500" height="190"&gt;&lt;/p&gt;&lt;/div&gt;</mattext>
          </material>
          <response_str ident="response1" rcardinality="Single">
            <render_fib>
              <response_label ident="answer1" rshuffle="No"/>
            </render_fib>
          </response_str>
        </presentation>
        <resprocessing>
          <outcomes>
            <decvar maxvalue="100" minvalue="0" varname="SCORE" vartype="Decimal"/>
          </outcomes>
          <respcondition continue="Yes">
            <conditionvar>
              <other/>
            </conditionvar>
            <displayfeedback feedbacktype="Response" linkrefid="general_fb"/>
          </respcondition>
          <respcondition continue="No">
            <conditionvar>
              <varequal respident="response1">water</varequal>
              <varequal respident="response1">H20</varequal>
              <varequal respident="response1">dihydrogen monoxide</varequal>
            </conditionvar>
            <setvar action="Set" varname="SCORE">100</setvar>
          </respcondition>
        </resprocessing>
        <itemfeedback ident="general_fb">
          <flow_mat>
            <material>
              <mattext texttype="text/plain">If you answered dihydrogen monoxide, you might be from Aliso Viejo, CA. The city council tried to band it in 2014. Sad, but true.</mattext>
            </material>
          </flow_mat>
        </itemfeedback>
      </item>
      <item ident="g312c460c09f779e95f7042afa96fdbf6" title="numerical example">
        <itemmetadata>
          <qtimetadata>
            <qtimetadatafield>
              <fieldlabel>question_type</fieldlabel>
              <fieldentry>numerical_question</fieldentry>
            </qtimetadatafield>
            <qtimetadatafield>
              <fieldlabel>points_possible</fieldlabel>
              <fieldentry>1.0</fieldentry>
            </qtimetadatafield>
            <qtimetadatafield>
              <fieldlabel>original_answer_ids</fieldlabel>
              <fieldentry>27346</fieldentry>
            </qtimetadatafield>
            <qtimetadatafield>
              <fieldlabel>assessment_question_identifierref</fieldlabel>
              <fieldentry>gdfae9b6bc8844b625b5f079ffa1ac3ac</fieldentry>
            </qtimetadatafield>
          </qtimetadata>
        </itemmetadata>
        <presentation>
          <material>
            <mattext texttype="text/html">&lt;div&gt;&lt;span&gt;In 2020, what was the average number of children under 18 per family in the United States?&lt;br&gt;&lt;br&gt;&lt;/span&gt;

&lt;p&gt;&lt;img src="$IMS-CC-FILEBASE$/figures/fig_averagenumberchildrenperusfamilyhistoricinfographic1024x791.jpg?canvas_download=1" width="500" height="386"&gt;&lt;/p&gt;&lt;/div&gt;</mattext>
          </material>
          <response_str ident="response1" rcardinality="Single">
            <render_fib fibtype="Decimal">
              <response_label ident="answer1"/>
            </render_fib>
          </response_str>
        </presentation>
        <resprocessing>
          <outcomes>
            <decvar maxvalue="100" minvalue="0" varname="SCORE" vartype="Decimal"/>
          </outcomes>
          <respcondition continue="Yes">
            <conditionvar>
              <other/>
            </conditionvar>
            <displayfeedback feedbacktype="Response" linkrefid="general_fb"/>
          </respcondition>
          <respcondition continue="No">
            <conditionvar>
              <vargte respident="response1">1.0</vargte>
              <varlte respident="response1">2.0</varlte>
            </conditionvar>
            <setvar action="Set" varname="SCORE">100</setvar>
          </respcondition>
        </resprocessing>
        <itemfeedback ident="general_fb">
          <flow_mat>
            <material>
              <mattext texttype="text/plain">Population decline might be a problem in the future.</mattext>
            </material>
          </flow_mat>
        </itemfeedback>
      </item>
      <item ident="gc0bf1f0415a7c4960b6416b6508262d7" title="fill in the blank example">
        <itemmetadata>
          <qtimetadata>
            <qtimetadatafield>
              <fieldlabel>question_type</fieldlabel>
              <fieldentry>fill_in_multiple_blanks_question</fieldentry>
            </qtimetadatafield>
            <qtimetadatafield>
              <fieldlabel>points_possible</fieldlabel>
              <fieldentry>4.0</fieldentry>
            </qtimetadatafield>
            <qtimetadatafield>
              <fieldlabel>original_answer_ids</fieldlabel>
              <fieldentry>83960,49627,65297,68337,23343,83056,98128</fieldentry>
            </qtimetadatafield>
            <qtimetadatafield>
              <fieldlabel>assessment_question_identifierref</fieldlabel>
              <fieldentry>g3fbd12d1f975ead7e482c49131d5dd27</fieldentry>
            </qtimetadatafield>
          </qtimetadata>
        </itemmetadata>
        <presentation>
          <material>
            <mattext texttype="text/html">&lt;div&gt;&lt;span&gt;The country with the highest annual beer consumption in the world is the [A], where they consume 186 liters (49 gal) per capita. By comparison, the [B] consumes 106 liters (28 gal) per capita. &lt;br&gt;&lt;br&gt;&lt;/span&gt;&lt;/div&gt;</mattext>
          </material>
          <response_lid ident="response_A">
            <material>
              <mattext>A</mattext>
            </material>
            <render_choice>
              <response_label ident="83960">
                <material>
                  <mattext texttype="text/plain">Czech Republic</mattext>
                </material>
              </response_label>
              <response_label ident="49627">
                <material>
                  <mattext texttype="text/plain">Czech Republica</mattext>
                </material>
              </response_label>
              <response_label ident="65297">
                <material>
                  <mattext texttype="text/plain">Czechia</mattext>
                </material>
              </response_label>
              <response_label ident="68337">
                <material>
                  <mattext texttype="text/plain">Česko</mattext>
                </material>
              </response_label>
            </render_choice>
          </response_lid>
          <response_lid ident="response_B">
            <material>
              <mattext>B</mattext>
            </material>
            <render_choice>
              <response_label ident="23343">
                <material>
                  <mattext texttype="text/plain">United States</mattext>
                </material>
              </response_label>
              <response_label ident="83056">
                <material>
                  <mattext texttype="text/plain">US</mattext>
                </material>
              </response_label>
              <response_label ident="98128">
                <material>
                  <mattext texttype="text/plain">USA</mattext>
                </material>
              </response_label>
            </render_choice>
          </response_lid>
        </presentation>
        <resprocessing>
          <outcomes>
            <decvar maxvalue="100" minvalue="0" varname="SCORE" vartype="Decimal"/>
          </outcomes>
          <respcondition continue="Yes">
            <conditionvar>
              <other/>
            </conditionvar>
            <displayfeedback feedbacktype="Response" linkrefid="general_fb"/>
          </respcondition>
          <respcondition>
            <conditionvar>
              <varequal respident="response_A">83960</varequal>
            </conditionvar>
            <setvar varname="SCORE" action="Add">50.00</setvar>
          </respcondition>
          <respcondition>
            <conditionvar>
              <varequal respident="response_B">23343</varequal>
            </conditionvar>
            <setvar varname="SCORE" action="Add">50.00</setvar>
          </respcondition>
        </resprocessing>
        <itemfeedback ident="general_fb">
          <flow_mat>
            <material>
              <mattext texttype="text/plain">Time to keep up?</mattext>
            </material>
          </flow_mat>
        </itemfeedback>
      </item>
      <item ident="g3cad3b0b2634a6ae39c7b8a75e9450c8" title="multiple answer example">
        <itemmetadata>
          <qtimetadata>
            <qtimetadatafield>
              <fieldlabel>question_type</fieldlabel>
              <fieldentry>multiple_answers_question</fieldentry>
            </qtimetadatafield>
            <qtimetadatafield>
              <fieldlabel>points_possible</fieldlabel>
              <fieldentry>1.0</fieldentry>
            </qtimetadatafield>
            <qtimetadatafield>
              <fieldlabel>original_answer_ids</fieldlabel>
              <fieldentry>61178,74351,22715,92335,22050</fieldentry>
            </qtimetadatafield>
            <qtimetadatafield>
              <fieldlabel>assessment_question_identifierref</fieldlabel>
              <fieldentry>g2db93c43327f6a83d49990e1d08125bb</fieldentry>
            </qtimetadatafield>
          </qtimetadata>
        </itemmetadata>
        <presentation>
          <material>
            <mattext texttype="text/html">&lt;div&gt;&lt;span&gt;Select each of the following true statements&lt;br&gt;&lt;br&gt;&lt;/span&gt;&lt;/div&gt;</mattext>
          </material>
          <response_lid ident="response1" rcardinality="Multiple">
            <render_choice>
              <response_label ident="61178">
                <material>
                  <mattext texttype="text/plain">the world is flat</mattext>
                </material>
              </response_label>
              <response_label ident="74351">
                <material>
                  <mattext texttype="text/plain">there are four seasons in a year</mattext>
                </material>
              </response_label>
              <response_label ident="22715">
                <material>
                  <mattext texttype="text/plain">there is 39 g of sugar in a 12 oz Coke</mattext>
                </material>
              </response_label>
              <response_label ident="92335">
                <material>
                  <mattext texttype="text/plain">chocolate is a food group</mattext>
                </material>
              </response_label>
              <response_label ident="22050">
                <material>
                  <mattext texttype="text/plain">roughly 22 lbs of lithium are in a Telsa</mattext>
                </material>
              </response_label>
            </render_choice>
          </response_lid>
        </presentation>
        <resprocessing>
          <outcomes>
            <decvar maxvalue="100" minvalue="0" varname="SCORE" vartype="Decimal"/>
          </outcomes>
          <respcondition continue="Yes">
            <conditionvar>
              <other/>
            </conditionvar>
            <displayfeedback feedbacktype="Response" linkrefid="general_fb"/>
          </respcondition>
          <respcondition continue="No">
            <conditionvar>
              <and>
                <not>
                  <varequal respident="response1">61178</varequal>
                </not>
                <varequal respident="response1">74351</varequal>
                <varequal respident="response1">22715</varequal>
                <not>
                  <varequal respident="response1">92335</varequal>
                </not>
                <varequal respident="response1">22050</varequal>
              </and>
            </conditionvar>
            <setvar action="Set" varname="SCORE">100</setvar>
          </respcondition>
        </resprocessing>
        <itemfeedback ident="general_fb">
          <flow_mat>
            <material>
              <mattext texttype="text/plain">Yeah, chocolate should be a food group, but alas, it is not.</mattext>
            </material>
          </flow_mat>
        </itemfeedback>
      </item>
    </section>
  </assessment>
</questestinterop>
