<?xml version="1.0" encoding="UTF-8"?>
<manifest identifier="g2611e10e8616d35e5c390ee12d274a1c" xmlns="http://www.imsglobal.org/xsd/imsccv1p1/imscp_v1p1" xmlns:lom="http://ltsc.ieee.org/xsd/imsccv1p1/LOM/resource" xmlns:imsmd="http://www.imsglobal.org/xsd/imsmd_v1p2" xmlns:xsi="http://www.w3.org/2001/XMLSchema-instance" xsi:schemaLocation="http://www.imsglobal.org/xsd/imsccv1p1/imscp_v1p1 http://www.imsglobal.org/xsd/imscp_v1p1.xsd http://ltsc.ieee.org/xsd/imsccv1p1/LOM/resource http://www.imsglobal.org/profile/cc/ccv1p1/LOM/ccv1p1_lomresource_v1p0.xsd http://www.imsglobal.org/xsd/imsmd_v1p2 http://www.imsglobal.org/xsd/imsmd_v1p2p2.xsd">
  <metadata>
    <schema>IMS Content</schema>
    <schemaversion>1.1.3</schemaversion>
    <imsmd:lom>
      <imsmd:general>
        <imsmd:title>
          <imsmd:string>QTI Quiz Export for course "Sean Conner PhD (sdconner) Development Site 1"</imsmd:string>
        </imsmd:title>
      </imsmd:general>
      <imsmd:lifeCycle>
        <imsmd:contribute>
          <imsmd:date>
            <imsmd:dateTime>2022-03-12</imsmd:dateTime>
          </imsmd:date>
        </imsmd:contribute>
      </imsmd:lifeCycle>
      <imsmd:rights>
        <imsmd:copyrightAndOtherRestrictions>
          <imsmd:value>yes</imsmd:value>
        </imsmd:copyrightAndOtherRestrictions>
        <imsmd:description>
          <imsmd:string>Private (Copyrighted) - http://en.wikipedia.org/wiki/Copyright</imsmd:string>
        </imsmd:description>
      </imsmd:rights>
    </imsmd:lom>
  </metadata>
  <organizations/>
  <resources>
    <resource identifier="g8e437762255c9db04ce7015eba99868a" type="imsqti_xmlv1p2">
      <file href="g8e437762255c9db04ce7015eba99868a/g8e437762255c9db04ce7015eba99868a.xml"/>
      <dependency identifierref="g3d1868bd7236ffa2aa4761a75b429d1c"/>
    </resource>
    <resource identifier="g3d1868bd7236ffa2aa4761a75b429d1c" type="associatedcontent/imscc_xmlv1p1/learning-application-resource" href="g8e437762255c9db04ce7015eba99868a/assessment_meta.xml">
      <file href="g8e437762255c9db04ce7015eba99868a/assessment_meta.xml"/>
    </resource>
    <resource identifier="g20da18e80b9ff70769a612b192a963a2" type="webcontent" href="figures/fig_smile.png">
      <file href="figures/fig_smile.png"/>
    </resource>
    <resource identifier="g60e5e1e3dc855f228d2f6093ce907163" type="webcontent" href="figures/fig_OED.jpg">
      <file href="figures/fig_OED.jpg"/>
    </resource>
    <resource identifier="g9f2e440a6c2ad1a300c74a3b8402e98a" type="webcontent" href="figures/fig_water_banned.png">
      <file href="figures/fig_water_banned.png"/>
    </resource>
    <resource identifier="g2c9589278a50059b567109ce2e234609" type="webcontent" href="figures/fig_averagenumberchildrenperusfamilyhistoricinfographic1024x791.jpg">
      <file href="figures/fig_averagenumberchildrenperusfamilyhistoricinfographic1024x791.jpg"/>
    </resource>
  </resources>
</manifest>
