<?xml version="1.0" encoding="UTF-8"?>
<manifest identifier="ge25c378691bdbbc9490ced2d958b0783" xmlns="http://www.imsglobal.org/xsd/imsccv1p1/imscp_v1p1" xmlns:lom="http://ltsc.ieee.org/xsd/imsccv1p1/LOM/resource" xmlns:imsmd="http://www.imsglobal.org/xsd/imsmd_v1p2" xmlns:xsi="http://www.w3.org/2001/XMLSchema-instance" xsi:schemaLocation="http://www.imsglobal.org/xsd/imsccv1p1/imscp_v1p1 http://www.imsglobal.org/xsd/imscp_v1p1.xsd http://ltsc.ieee.org/xsd/imsccv1p1/LOM/resource http://www.imsglobal.org/profile/cc/ccv1p1/LOM/ccv1p1_lomresource_v1p0.xsd http://www.imsglobal.org/xsd/imsmd_v1p2 http://www.imsglobal.org/xsd/imsmd_v1p2p2.xsd">
  <metadata>
    <schema>IMS Content</schema>
    <schemaversion>1.1.3</schemaversion>
    <imsmd:lom>
      <imsmd:general>
        <imsmd:title>
          <imsmd:string>QTI Quiz Export for course "Sean Conner PhD (sdconner) Development Site 1"</imsmd:string>
        </imsmd:title>
      </imsmd:general>
      <imsmd:lifeCycle>
        <imsmd:contribute>
          <imsmd:date>
            <imsmd:dateTime>2022-03-03</imsmd:dateTime>
          </imsmd:date>
        </imsmd:contribute>
      </imsmd:lifeCycle>
      <imsmd:rights>
        <imsmd:copyrightAndOtherRestrictions>
          <imsmd:value>yes</imsmd:value>
        </imsmd:copyrightAndOtherRestrictions>
        <imsmd:description>
          <imsmd:string>Private (Copyrighted) - http://en.wikipedia.org/wiki/Copyright</imsmd:string>
        </imsmd:description>
      </imsmd:rights>
    </imsmd:lom>
  </metadata>
  <organizations/>
  <resources>
    <resource identifier="g91d63b4f7e62834d1eea7a2a3b794a11" type="imsqti_xmlv1p2">
      <file href="g91d63b4f7e62834d1eea7a2a3b794a11/g91d63b4f7e62834d1eea7a2a3b794a11.xml"/>
      <dependency identifierref="gb5f891268eb894d3c3efd21837452c9b"/>
    </resource>
    <resource identifier="gb5f891268eb894d3c3efd21837452c9b" type="associatedcontent/imscc_xmlv1p1/learning-application-resource" href="g91d63b4f7e62834d1eea7a2a3b794a11/assessment_meta.xml">
      <file href="g91d63b4f7e62834d1eea7a2a3b794a11/assessment_meta.xml"/>
    </resource>
    <resource identifier="g2a8efb41ef184e0497914b5e6ccd3e1e" type="webcontent" href="figures/fig_0E222C226D7541FCB5D412876E57282F.png">
      <file href="figures/fig_0E222C226D7541FCB5D412876E57282F.png"/>
    </resource>
    <resource identifier="gfbfbceca2689dc8c1a0af5649198b3b8" type="webcontent" href="figures/fig_36BBD6CB63DF437986DE1D33F234E85E.png">
      <file href="figures/fig_36BBD6CB63DF437986DE1D33F234E85E.png"/>
    </resource>
    <resource identifier="gaef5901e8391bc485e0ee0ae56157e77" type="webcontent" href="figures/fig_F6E3C9236CA24268A88809D0D595F4B2.png">
      <file href="figures/fig_F6E3C9236CA24268A88809D0D595F4B2.png"/>
    </resource>
    <resource identifier="g7695a6edbfe7ce9dce41cb996b9d0b69" type="webcontent" href="figures/fig_256ABFE0F3AC4227B7E181F8E1F85E74.png">
      <file href="figures/fig_256ABFE0F3AC4227B7E181F8E1F85E74.png"/>
    </resource>
    <resource identifier="g1c99e40e7c4fab821898995e0624c505" type="webcontent" href="figures/fig_28B3F7782BC648269E764F61E12FB587.png">
      <file href="figures/fig_28B3F7782BC648269E764F61E12FB587.png"/>
    </resource>
    <resource identifier="g3bc34ef32837f66aaa5f1e38fe075fd2" type="webcontent" href="figures/fig_1597EA7204224322BB8577CA3AB40A5E.png">
      <file href="figures/fig_1597EA7204224322BB8577CA3AB40A5E.png"/>
    </resource>
  </resources>
</manifest>
